Model,              Optimal,                Glop_i7
80bau38.mps,        987224.1924090903,      308
cre-d.mps,          24454969.764549244,     1176
dfl001.mps,         11266396.04667243,      6529
ken-18.mps,         -52217025287.39681,     39173
osa-30.mps,         2142139.8732097396,     3177
osa-60.mps,         4044072.503163012,      5829
pds-20.mps,         23821658640,            4771
stocfor3.mps,       -39976.78394364959,     734
